group	mean	se	prop	count	what
[1,2)	81.4128128094218	0.207910655093055	81.4128128094218	1	adjusted
[2,5)	9.13930471565201	0.158868349133494	9.13930471565201	1	adjusted
[5,10)	0.948430179208496	0.0777016515792047	0.948430179208496	1	adjusted
[10,100)	8.4994522957177	0.125204825061206	8.4994522957177	1	adjusted
[1,2)	0	0	75.4954954954955	2095	observed
[2,5)	0	0	11.3513513513514	315	observed
[5,10)	0	0	1.04504504504505	29	observed
[10,100)	0	0	12.1081081081081	336	observed
