group	mean	se	prop	count	what
[1,2)	82.1216057295441	0.25680855182157	82.1216057295441	1	adjusted
[2,5)	12.7175477758605	0.224751791346093	12.7175477758605	1	adjusted
[5,10)	2.6830305271395	0.15689171853639	2.6830305271395	1	adjusted
[10,100)	2.47781596745593	0.169835013024803	2.47781596745593	1	adjusted
[1,2)	0	0	76.3827433628319	1381	observed
[2,5)	0	0	15.8185840707965	286	observed
[5,10)	0	0	2.82079646017699	51	observed
[10,100)	0	0	4.97787610619469	90	observed
